NAME,DESC,VALUE
BOOL,FALSE,0
BOOL,TRUE,1
BOOL,ERROR,2
BOOL,NOT_AVAILABLE,3
PWRDNCMD,NOT_REQUEST,0
PWRDNCMD,NORMAL_POWER_DOWN,1
PWRDNCMD,EMERGENCY_POWER_DOWN,2
PWRDNCMD,NOT_AVAILABLE,3
OFFON,OFF,0
OFFON,ON,1
OFFON,ERROR,2
OFFON,NOT_AVAILABLE,3
NONEOFFON,NONE,0
NONEOFFON,OFF,1
NONEOFFON,ON,2
NONEOFFON,NOT_AVAILABLE,3
MACHINESTATUS,KEY_OFF,0
MACHINESTATUS,KEY_ON,1
MACHINESTATUS,KEY_OFF_CHARGING,2
MACHINESTATUS,NOT_AVAILABLE,3
CHARGINGSTATUS,CHARGING,0
CHARGINGSTATUS,CHARGING_PORT_WARNING,1
CHARGINGSTATUS,CHARGING_GUN_WARNING,2
CHARGINGSTATUS,AC_VOLTAGE_ABOVE_NORMAL,3
CHARGINGSTATUS,AC_VOLTAGE_BELOW_NORMAL,4
CHARGINGSTATUS,EVSE_SIGNOT_AVAILABLEL_WARNING,5
WRNLAMP,OFF,0
WRNLAMP,ON,1
WRNLAMP,BLINKING,2
WRNLAMP,SLOW_BLINKING,3
WRNLAMPTXT,OFF,0
WRNLAMPTXT,ON_TEXT1,1
WRNLAMPTXT,BLINKING_TEXT1,2
WRNLAMPTXT,SLOW_BLINKING_TEXT1,3
WRNLAMPTXT,NOT_DEFINED1,4
WRNLAMPTXT,ON_TEXT3,5
WRNLAMPTXT,BLINKING_TEXT3,6
WRNLAMPTXT,SLOW_BLINKING_TEXT3,7
WRNLAMPTXT,NOT_DEFINED2,8
WRNLAMPTXT,ON_TEXT2,9
WRNLAMPTXT,BLINKING_TEXT2,10
WRNLAMPTXT,SLOW_BLINKING_TEXT2,11
WRNLAMPTXT,NOT_DEFINED3,12
WRNLAMPTXT,ON_TEXT4,13
WRNLAMPTXT,BLINKING_TEXT4,14
WRNLAMPTXT,SLOW_BLINKING_TEXT4,15
ANTDETECT,NORMAL,0
ANTDETECT,REMOVAL,1
ANTDETECT,SHORTED,2
TRVMODECR,LOW_SPEED,0
TRVMODECR,HIGH_SPEED,1
TRVMODECR,AUTO_SPEED,2
TRVMODECR,NOT_AVAILABLE,3
WRKMODE,NOT_DEFINED,0
WRKMODE,BREAKER,1
WRKMODE,TWO_WAY,2
WRKMODE,RESERVED,3
GPSST,UNKNOWN,0
GPSST,NO_FIX,1
GPSST,2D,2
GPSST,3D,3
SMKFOBREG,NORMAL,0
SMKFOBREG,SUCCESS,1
SMKFOBREG,FAIL1,2
SMKFOBREG,FAIL2,3
SMKFOBDET,DEFAULT,0
SMKFOBDET,DETECT_REQUEST,1
SMKFOBIDREQ,DEFAULT,0
SMKFOBIDREQ,REQUEST,1
CMDONOFF,NO_ACTION,0
CMDONOFF,ON,1
CMDONOFF,OFF,2
CMDONOFF,NOT_AVAILABLE,3
EGSTARTCMD,NONE,0
EGSTARTCMD,ENGINE_ON,1
EGSTARTCMD,ENGINE_OFF,2
EGSTARTCMD,KEY_ON,3
COLDSTART,OFF_PHASE_HEAT_OFF_AND_LAMP_OFF,0
COLDSTART,PRE_HEATING_PHASE,1
COLDSTART,STAND_BY_PHASE_WITH_HEATING,2
COLDSTART,STAND_BY_PHASE_WITHOUT_HEATING,3
COLDSTART,CRANK_PHASE,4
COLDSTART,CRANK_WITH_EXTRA_HEATING_PHASE,5
COLDSTART,POST_HEATING_PHASE,6
COLDSTART,INITIALIZATION_PHASE,7
COLDSTART,TEST_OF_GRID_HEATER_VOLTAGE,8
FUELBLOCK,FUEL_RELEASED,0
FUELBLOCK,FUEL_BLOCKED,1
LAMPST,OFF,0
LAMPST,ON,1
LAMPST,BLINKING,2
LAMPST,NOT_AVAILABLE,3
WRNHIGH,NORMAL,0
WRNHIGH,ABOVE_OPERATION_RANGE,1
WRNHIGH,RESERVED,2
WRNHIGH,NOT_AVAILABLE,3
LAMPBITST,OFF,0
LAMPBITST,ON,1
LAMPBITST,BLINKING,4
WRNLOW,NORMAL,0
WRNLOW,BELOW_OPERATION_RANGE,1
WRNLOW,RESERVED,2
WRNLOW,NOT_AVAILABLE,3
WRN,NORMAL,0
WRN,WARNING,1
WRN,RESERVED,2
WRN,NOT_AVAILABLE,3
EDCOPRST,NORMAL_OPERATION,0
EDCOPRST,AFTERRUN_DRIVE,1
EDCOPRST,DIAGNOSTIC_TEST,2
PTOST,OFF_DISABLED,0
PTOST,HOLD,1
PTOST,REMOTE_HOLD,2
PTOST,STANDBY,3
PTOST,REMOTE_STANDBY,4
PTOST,SET,5
PTOST,DECELERATE_COAST,6
PTOST,RESUME,7
PTOST,ACCELERATE,8
PTOST,ACCELERATOR_OVERRIDE,9
PTOST,PREPROGRAMMED_SET_SPEED_1,10
PTOST,PREPROGRAMMED_SET_SPEED_2,11
PTOST,PREPROGRAMMED_SET_SPEED_3,12
PTOST,PREPROGRAMMED_SET_SPEED_4,13
PTOST,PREPROGRAMMED_SET_SPEED_5,14
PTOST,PREPROGRAMMED_SET_SPEED_6,15
PTOST,PREPROGRAMMED_SET_SPEED_7,16
PTOST,PREPROGRAMMED_SET_SPEED_8,17
PTOST,PTO_SET_SPEED_MEMORY_1,18
PTOST,PTO_SET_SPEED_MEMORY_2,19
PTOST,NOT_AVAILABLE,31
DPFACTREGENST,NOT_ACTIVE,0
DPFACTREGENST,ACTIVE,1
DPFACTREGENST,REGENERATION_NEEDED,2
DPFACTREGENST,NOT_AVAILABLE,3
DPFACTREGENIHBSW,NOT_INHIBITED,0
DPFACTREGENIHBSW,INHIBITED,1
DPFACTREGENIHBSW,NOT_AVAILABLE,3
ATDEFPPT,UREA_CONCENTRATION_TOO_HIGH,0
ATDEFPPT,UREA_CONCENTRATION_TOO_LOW,1
ATDEFPPT,FLUID_IS_DIESEL,2
ATDEFPPT,DEF_IS_PROPER_MIXTURE,3
ATDEFPPT,NOT_ABLE_TO_DETERMINE,13
ATDEFPPT,ERROR,14
ATDEFPPT,NOT_AVAILABLE,15
ATSELCATALREDOPRINDACT,OFF,0
ATSELCATALREDOPRINDACT,ON,1
ATSELCATALREDOPRINDACT,BLINKING,4
ATSELCATALREDOPRINDACT,NOT_AVAILABLE,7
ATGASSSHTCONT,AUTOMATIC,0
ATGASSSHTCONT,PREHEAT_2,1
ATGASSSHTCONT,PREHEAT_1,2
ATGASSSHTCONT,HEATER_OFF,3
EGOVRCONTMD,OVERRIDE_DISABLED,0
EGOVRCONTMD,SPEED_CONTROL,1
EGOVRCONTMD,TORQUE_CONTROL,2
EGOVRCONTMD,SPEED_TORQUE_LIMIT_CONTROL,3
PRI,HIGHEST,0
PRI,HIGH,1
PRI,MEDIUM,2
PRI,LOW,3
TRACTIONCONT,OFF,0
TRACTIONCONT,LOW,1
TRACTIONCONT,MEDIUM,2
TRACTIONCONT,HIGH,3
TRACTIONCONT,AUTO,4
POWMD,ECO,0
POWMD,STD,1
POWMD,PWR,2
POWMD,NOT_AVAILABLE,3
MAXSPD,NEUTRAL,0
MAXSPD,SPEED_1,1
MAXSPD,SPEED_2,2
MAXSPD,SPEED_3,3
MAXSPD,SPEED_4,4
MAXSPD,SPEED_5,5
RPMREQMD,AUTOIDLE,0
RPMREQMD,LIMPHOME,1
RPMREQMD,NONE,3
NFR,POSITION_N,0
NFR,POSITION_F,1
NFR,POSITION_R,2
NFR,TCU_REQUIRES_N_POSITION,3
GRST,NEUTRAL,0
GRST,GEAR_1,1
GRST,GEAR_2,2
GRST,GEAR_3,3
GRST,GEAR_4,4
GRST,GEAR_5,5
GRST,GEAR_6,6
GRST,LIMP_HOME,7
OPMD,NORMAL,0
OPMD,SUBSTITUTE_CLUTCH_CONTROL,1
OPMD,LIMP_HOME,2
OPMD,TRANSMISSION_SHUTDOWN,3
OPMD,TCU_SHUTDOWN,4
OPMD,TCU_KEY_OFF,5
OPMD,TCU_IDLE,6
MCHKEYONST,KEY_OFF,0
MCHKEYONST,KEY_ON,1
MCHKEYONST,KEY_OFF_CHARGING,2
MCHKEYONST,NOT_DEFINED,3
CHRGST,CHARGING,0
CHRGST,CHARGING_PORT_WARNING,1
CHRGST,CHARGING_GUN_WARNING,2
CHRGST,AC_VOLTAGE_ABOVE_NORMAL,3
CHRGST,AC_VOLTAGE_BELOW_NORMAL,4
CHRGST,EVSE_SIGNOT_AVAILABLEL_WARNING,5
TRVMDCRW,LOW_SPEED,0
TRVMDCRW,HIGH_SPEED,1
TRVMDCRW,AUTO_SPEED,2
TRVMDCRW,NOT_AVAILABLE,3
TWOWAYOPT,NOT_DEFINED,0
TWOWAYOPT,JOYSTICK_THUMB_WHEEL,1
TWOWAYOPT,OPTION_PEDAL,2
ISOBHL,OFF,0
ISOBHL,ISO,1
ISOBHL,BHL,2
TRVMDWHL,1,0
TRVMDWHL,2,1
TRVMDWHL,3,2
TRVMDWHL,NOT_DEFINED,3
HHMNTLGC,OFF,0
HHMNTLGC,3000M_OR_LESS,1
HHMNTLGC,4000M_OR_LESS,2
HHMNTLGC,4000M_EXCEED,3
BRAKERACT,STOP,0
BRAKERACT,RUNNING,1
BRAKERACT,FORCED_STOP,2
BRAKERACT,NOT_AVAILABLE,3
TRVMDWLD,MANUAL,0
TRVMDWLD,AUTO_SPEED_1,1
TRVMDWLD,AUTO_SPEED_2,2
TRVMDWLD,NOT_DEFINED,3
HSTMDWLD,MAX,0
HSTMDWLD,AUTO,1
HSTMDWLD,SLIP,2
HSTMDWLD,NOT_DEFINED,3
OPRPOWMD,P_HDI,0
OPRPOWMD,S_HDI,1
OPRPOWMD,E_HDI,2
OPRPOWMD,A_HDI,3
OPRPOWMD,P_PLUS_HDI,4
OPRPOWMD,I_HCE,5
OPRPOWMD,L_HCE,6
OPRPOWMD,E_HCE,7
OPRPOWMD,P_HCE,8
OPRPOWMD,HP_HCE,9
OPRPOWMD,AP_HCE,10
OPRPOWMD,P_SMART_HCE,11
OPRMD,NORMAL,0
OPRMD,DIGGING,1
COLDSTART_MCU,OFF,0
COLDSTART_MCU,TRSM_PRE_HEATING,1
COLDSTART_MCU,GEAR_NEUTRAL_FOR_PRE_HEATING,2
COLDSTART_MCU,NO_FOOT_ON_PDL_FOR_PRE_HEAT,3
COLDSTART_MCU,PARKING_BRAKE_FOR_PRE_HEATING,4
COLDSTART_MCU,FAULT_WHILE_PRE_HEATING,5
COLDSTART_MCU,SLOW_BLINKING,6
COLDSTART_MCU,NORMAL_BLINKING,7
WHLDRVMD,OFF,0
WHLDRVMD,FRONTALIGNREQ,1
WHLDRVMD,REARALIGNREQ,2
WHLDRVMD,ALIGNCOMPLETE,3
VHCSTSYMB,OFF,0
VHCSTSYMB,GREY,1
VHCSTSYMB,GREEN,2
VHCSTSYMB,YELLOW,3
DAC,NOT_READY,0
DAC,STAND_BY,1
DAC,MANUAL,2
DAC,AUTO,3
DAC,INTERLOCK,4
DAC,SUSPEND_AUTO,5
CHMSL,OFF,0
CHMSL,BRAKE_ON,1
CHMSL,STANDBY_WORKING_CONTINUOUS,2
CHMSL,WORKING_STATUS_FLASHING,3
CHMSL,SWING_RIGHT,4
CHMSL,SWING_LEFT,5
CHMSL,OBJECT_SENSING_FAST_FLASHING,6
MCHCOND,IDLE_CONDITION,0
MCHCOND,WORKING_CONDITION,1
MCHCOND,ERROR,2
MCHCOND,STANDSTILL_CONDITION,3
PILOTCUTOFFST,UNLOCK,0
PILOTCUTOFFST,MANUAL_LOCK,1
PILOTCUTOFFST,AUTO_LOCK,2
PILOTCUTOFFST,NOT_AVAILABLE,3
BODYST,OFF,0
BODYST,HOLD,1
BODYST,FLOAT,2
BODYST,NOT_DEFINED,3
ECOSYMBOL,GREEN,0
ECOSYMBOL,YELLOW,1
ECOSYMBOL,RED,2
ECOSYMBOL,WHITE,3
PROGRESS,NONE,0
PROGRESS,IN_PROGRESS,1
PROGRESS,COMPLETE,2
PROGRESS,NOT_AVAILABLE,3
PROGRESS2,IN_PROGRESS,0
PROGRESS2,COMPLETE,1
MANAUTO,MANUAL,0
MANAUTO,AUTO,1
MANAUTO,ERROR,2
MANAUTO,NOT_AVAILABLE,3
ADMINSET,NONE,0
ADMINSET,IGNITION_LOCK,1
ADMINSET,ATTACHMENT,2
ADMINSET,ENTERTAINMENT_RESTRICT,4
UPTIME,ALWAYS,0
UPTIME,1MIN,1
UPTIME,5MIN,2
UPTIME,NOT_AVAILABLE,3
HYDELEC,HYDRAULIC,0
HYDELEC,ELECTRIC,1
HYDELEC,ELECTRONIC,2
JOYPDL,NOT_AVAILABLE,0
JOYPDL,JOYSTICK,1
JOYPDL,OPTION_PEDAL,2
THMBWHL,SLOW,0
THMBWHL,NORMAL,1
THMBWHL,FAST,2
MULTIFUNC,WIPER_ON,0
MULTIFUNC,SMART_BOOM_CUT,1
MULTIFUNC,CAMERA_VIEW_MODE_CHANGE,2
MULTIFUNC,RAM_LOCK__STATUS_CHANGE,3
MULTIFUNC,AUDIO_MUTE,4
MULTIFUNC,AUTO_BREAKER,5
MULTIFUNC,FRONT_LIMITATION,6
MULTIFUNC,NOT_DEFINED,7
EMSCTRL,TIER2,0
EMSCTRL,TIER3,1
EMSCTRL,TIER4I,2
EMSCTRL,TIER4F,3
EMSCTRL,STAGEV,4
EMSCTRL,NR4,5
EMSCTRL,NOT_AVAILABLE,128
MCHGEN,DX,0
MCHGEN,U,1
MCHGEN,V,2
MCHGEN,C,3
MCHGEN,B,4
MCHGEN,W,5
MCHGEN,JD,96
MCHGEN,AGK,108
MCHGEN,DL,128
MCHGEN,H,129
MCHGEN,K,130
MCHGEN,S,131
MCHGEN,SD,132
MCHGEN,G,133
MCHGEN,D,224
MCHTYPE,CRAWLER,0
MCHTYPE,LONG_CRAWLER,1
MCHTYPE,LOGLOADER,2
MCHTYPE,REDUCED_TAIL,3
MCHTYPE,ZERO_TAIL,4
MCHTYPE,MOUNTAIN,5
MCHTYPE,WHEEL,6
MCHTYPE,LOADER,7
MCHTYPE,DOZER,8
MCHTYPE,MATERIAL_HANDLER,9
MCHTYPE,MATERIAL_HANDLER_WHEEL,10
MCHTYPE,DRILL_RIG,11
MCHTYPE,COMPACT_TRACK_LOADER,12
MCHTYPE,ROAD_BUILDER,13
MCHTYPE,ADT,14
EGMAKER,NONE,0
EGMAKER,DEVELON,1
EGMAKER,SCANIA,2
EGMAKER,CUMMINS,3
EGMAKER,PERKINS,4
EGMAKER,ISUZU,5
EGMAKER,YANMAR,7
EGMAKER,DAEDONG,8
EGMAKER,KUBOTA,9
EGMAKER,WEICHAI,10
ECUMAKER,NONE,0
ECUMAKER,BOSCH_DL06_DL08,1
ECUMAKER,SCANIA,2
ECUMAKER,CUMMINS,3
ECUMAKER,PERKINS_2506J,4
ECUMAKER,ISUZU,5
ECUMAKER,BOSCH_G2,6
ECUMAKER,HITACHI,7
ECUMAKER,PERKINS_1204J,8
ECUMAKER,WOODWARD,9
ECUMAKER,BOSCH_EDC7,10
ECUMAKER,WEIFU,11
ECUMAKER,PERKINS_2506J_UNIFIED,12
ECUMAKER,BOSCH_DX05_DX08,13
ECUMAKER,KUBOTA,14
ECUMAKER,ECU_MAKER_2,15
PMPTYPE,NEGACON,0
PMPTYPE,POSICON,1
PMPTYPE,OPEN_CENTER,2
PMPTYPE,VBO,3
PMPTYPE,LS,4
MECHELEC,MECHANIC,0
MECHELEC,ELECTRIC,1
MCVCTRLTYPE,MECHANIC,0
MCVCTRLTYPE,VBO,1
MCVCTRLTYPE,FEH,2
TCUTYPE,HDT,0
TCUTYPE,HST,1
TCUTYPE,CVT,2
TCUTYPE,HDT_LEVEL1,3
REGION,KOREA,0
REGION,CHINA,1
REGION,ADVANCED,2
REGION,EMERGING,3
REGION,US,4
BTN,PUSH,0
BTN,TOGGLE,1
BTN,PROPOTIONOT_AVAILABLEL,2
BTN,NOT_AVAILABLE,3
GYR,GREEN,0
GYR,YELLOW,1
GYR,RED,2
WGHST,READY,0
WGHST,ESTIMATE,1
WGHST,CONFIRM,2
WGHST,COMPLETE,3
WGHST,ESTIMATE_TRUCK_TIP_OFF,4
WGHST,CONFIRM_TRUCK_TIP_OFF,5
WGHCNTST,OFF,0
WGHCNTST,CANCEL,1
WGHCNTST,RETURN,2
WGHCNTST,NOT_DEFINED,3
STAGE,RESERVED,0
STAGE,STAGE_0,1
STAGE,STAGE_1,2
STAGE,STAGE_2,3
STAGE,STAGE_3,4
STAGE,STAGE_4,5
STAGE,STAGE_5,6
STAGE,STAGE_6,7
STAGE,STAGE_7,8
STAGE,STAGE_8,9
STAGE,STAGE_9,10
STAGE,STAGE_10,11
STAGE,STAGE_11,12
STAGE,LAST_STAGE_CONFIRM,13
STAGE,SUCCESS,14
STAGE,ERROR,15
STEP,READY,0
STEP,STEP0,1
STEP,STEP1,2
STEP,STEP2,3
STEP,STEP3,4
STEP,STEP4,5
STEP,STEP5,6
STEP,STEP6,7
STEP,STEP7,8
STEP,STEP8,9
STEP,STEP9,10
STEP,STEP10,11
STEP,STEP11,12
STEP,STEP12,13
STEP,STEP13,14
STEP,STEP14,15
GRADEOFFSETSW,NO_BUTTON_PRESSED,0
GRADEOFFSETSW,INCREMENT_BUTTON_PRESSED,1
GRADEOFFSETSW,DECREMENT_BUTTON_PRESSED,2
GRADEOFFSETSW,ERROR,14
GRADEOFFSETSW,NOT_AVAILABLE,15
BLADEAUTOMD,AUTO_ALLOWED,0
BLADEAUTOMD,SUSPEND_AUTO,2
BLADEAUTOMD,SERVICE_MODE,3
BLADEAUTOMD,AUTO_NOT_ALLOWED,4
BLADEAUTOMD,ERROR,14
BLADEAUTOMD,NOT_AVAILABLE,15
TMSSTINFO01,SECURITY_CLEAR,0
TMSSTINFO01,SECURITY,1
VWMD,TOP,0
VWMD,REAR,1
VWMD,RIGHT,2
VWMD,TOPPLUSREAR,3
VWMD,3D,4
VWMD,BOOM,5
VWMD,NOT_AVAILABLE,15
PRIMD,NORMAL_MODE,0
PRIMD,PRIORITY_MODE,1
FACTORYTYPE,FACTORY_1,0
FACTORYTYPE,FACTORY_2,1
FACTORYTYPE,FACTORY_3,2
FACTORYTYPE,FACTORY_4,3
VHCTYPE1,WHEEL,0
VHCTYPE1,CRAWLER,1
VHCTYPE2,LC,0
VHCTYPE2,LCR,1
VHCTYPE2,LL,2
VHCTYPE2,NOT_DEFINED,3
ULTSRECOGNITIONDISTANCESET,ALL,0
ULTSRECOGNITIONDISTANCESET,UPPER_BODY,1
BOOMCAMOPT,BOOM_CAMERA_DISABLED,0
BOOMCAMOPT,BOOM_CAMERA_ENABLED,1
ONOFFST,ON,0
ONOFFST,OFF,1
OPT,OPTION_DISABLED,0
OPT,OPTION_EABLED,1
DISENABLE,DISABLE,0
DISENABLE,ENABLE,1
TOLERANCECORCMD,BEFORE_TOLERANCE_CORRECTION,0
TOLERANCECORCMD,TOLERANCE_CORRECTING,1
TOLERANCECORCMD,TOLERANCE_CORRECTION_COMPLETED,2
TOLERANCECORCMD,TOLERANCE_CORRECTION_FAIL,3
TOLERANCECORMENUENTRYCMD,NO_TOLERANCE_CORRECTION_MENU,0
TOLERANCECORMENUENTRYCMD,ENTER_TOLERANCE_CORRECTION,1
CAMPRMTCORCOMPLETEST,NOT_CORRECTED,0
CAMPRMTCORCOMPLETEST,CORRECTION_COMPLETED,1
PWRMDST,STANDARD_MODE,0
PWRMDST,ECONOMY_MODE,1
PWRMDST,POWER_PLUS_MODE,2
PWRMDST,POWER_MODE,3
WRKMDST,DIG,0
WRKMDST,LIFT,1
WRKMDST,BREAKER,2
WRKMDST,TRVMODECR,3
LOCKST,UNLOCK_,0
LOCKST,LOCK,1
TRACTIONMDST,MAX,0
TRACTIONMDST,A_3,1
TRACTIONMDST,B_2,2
TRACTIONMDST,C_1,3
TRACTIONMDST,AUTO,4
KEYPADPRI,KEYPAD,0
KEYPADPRI,VIRTUAL_KEPAD,1
EVMDCMD,NORMAL_MODE,0
EVMDCMD,EV_MODE,1
EVMDCMD,NOT_AVAILABLE,2
EVMDCMD,NOT_AVAILABLE1,3
ATTTYPE,BREAKER,0
ATTTYPE,TWO_WAY,1
ALARMST,ALARM_OFF,0
ALARMST,ALARM__1,1
ALARMST,ALARM__2,2
ALARMST,ALARM__3,3
ALARMST,ALARM__4,4
ALARMST,ALARM__5,5
MGSOUNDGUDSTEP,ALARM_OFF,0
MGSOUNDGUDSTEP,ALARM__1,1
MGSOUNDGUDSTEP,ALARM__2,2
MGSOUNDGUDSTEP,ALARM__3,3
MGSOUNDGUDSTEP,ALARM__4,4
MGSOUNDGUDSTEP,ALARM__5,5
MGSOUNDGUDSTEP,ALARM__6,6
MGSOUNDGUDSTEP,ALARM__7,7
MGSOUNDGUDSTEP,ALARM__8,8
MGSOUNDGUDSTEP,ALARM__9,9
OPTSETJOYPATTERNCHANGE,ISO_FOR_CTL_EXC,0
OPTSETJOYPATTERNCHANGE,BHL_FOR_CTL_BACKHOE,1
OPTSETJOYPATTERNCHANGE,MHI,2
OPTSETJOYPATTERNCHANGE,KOBE,3
OPTSETJOYPATTERNCHANGE,SCM,4
OPTSETJOYPATTERNCHANGE,CTL_ISO,5
OPTSETJOYPATTERNCHANGE,CTL_H,6
AUDIOAUXSEL,OFF,0
AUDIOAUXSEL,ON,1
AUDIOAUXSEL,ERROR,2
AUDIOAUXSEL,NOT_AVAILABLE,3
REQCALLINDEX,NONE,0
REQCALLINDEX,1ST_INDEX,1
REQCALLINDEX,2ND_INDEX,2
REQCALLINDEX,3RD_INDEX,3
REQCALLINDEX,4TH_INDEX,4
REQCALLINDEX,5TH_INDEX,5
REQCALLINDEX,6TH_INDEX,6
REQCALLINDEX,7TH_INDEX,7
REQCALLINDEX,8TH_INDEX,8
REQCALLINDEX,9TH_INDEX,9
REQCALLINDEX,10TH_INDEX,10
DT02GPTYPE,S_T_7INCH_GP,0
DT02GPTYPE,S_T_8INCH_GP,1
GSPNIDENTIFIER,SPN,0
GSPNIDENTIFIER,GSPN,1
PDLCALB,CALIBRATION_READY_CMD,0
PDLCALB,MAX_RELEASE_CAL_CMD,1
PDLCALB,MAX_PUSHED_CAL_CMD,2
JOYSTICK,SMOOTH,0
JOYSTICK,NORMAL,1
JOYSTICK,FAST,2
JOYSTICK,NOT_DEFINED,3
NOINREQ,START,0
NOINREQ,COMPLETE,1
DOORLCKST,NONE,0
DOORLCKST,LOCK,1
DOORLCKST,UNLOCK,2
DOORLCKST,NOT_AVAILABLE,3
NONEONOFF,NONE,0
NONEONOFF,ON,1
NONEONOFF,OFF,2
NONEONOFF,FAILED,3
FOBRGSTFDBK,NONE,0
FOBRGSTFDBK,NOT_DETECTION,1
FOBRGSTFDBK,DETECTION_COMPLETED,2
FOBRGSTFDBK,NOT_AVAILABLE,3
BLINKING,OFF,0
BLINKING,ON_NO_BLINKING,1
BLINKING,ON_NORMAL_BLINKING,2
BLINKING,ON_SLOW_BLINKING,3
KEYSTCHANGE,KEY_OFF,0
KEYSTCHANGE,ACC,1
KEYSTCHANGE,KEY_ON,2
KEYSTCHANGE,CRANK_RUN,3
DETECT,NO_DETECT,0
DETECT,DETECT,1
OPENCLOSE,OPEN,0
OPENCLOSE,CLOSE,1
RMRUNNINGST,NORMAL_STATUS,0
RMRUNNINGST,REMOTE_RUNNING_STATUS,1
ACTIVATION,NO_ACTIVATION,0
ACTIVATION,ACTIVATION,1
ACTIVE,INACTIVE,0
ACTIVE,ACTIVE,1
ACTIVE,RESERVED,2
ACTIVE,NOT_AVAILABLE,3
DRTINDICATION,FORWARD,0
DRTINDICATION,REVERSE,1
DRTINDICATION,ERROR,2
DRTINDICATION,NOT_AVAILABLE,3
IFCONFIGUREDASPRPTA,ALWAYS,0
STRMDREQ,NOT_OPERATING,0
STRMDREQ,OPERATING,1
AUXSTRDEVICELCKOUT,AUX_STEERING_ALLOWED,0
AUXSTRDEVICELCKOUT,AUX_STEERING_PROHIBITED,1
AUXSTRDEVICELCKOUT,RESERVED,2
AUXSTRDEVICELCKOUT,NOT_AVAILABLE,3
AUTOGUDRECVSELANDLCKOUT,NO_GPS_RECEV_SEL_GPS_STR_PROH,0
AUTOGUDRECVSELANDLCKOUT,GPS_STEERING_SELECTED,1
AUTOGUDRECVSELANDLCKOUT,GPS_2_STEERING_SELECTED,2
AUTOGUDRECVSELANDLCKOUT,RESERVED,3
TRVLSPDSET,PRESET_1,0
TRVLSPDSET,PRESET_2,1
TRVLSPDSET,PRESET_3,2
TRVLSPDSET,PRESET_4,3
SPD,SPEED_0,0
SPD,SPEED_0.5,1
SPD,SPEED_1,2
SPD,SPEED_1.5,3
SPD,SPEED_2,4
SPD,SPEED_2.5,5
SPD,SPEED_3,6
SPD,SPEED_3.5,7
SPD,SPEED_4,8
SPD,SPEED_4.5,9
SPD,SPEED_5,10
CURPWRMD,ECO,0
CURPWRMD,STD,1
CURPWRMD,PWR,2
CURPWRMD,NOT_AVAILABLE,3
MNAUTOMDST,MANUAL,0
MNAUTOMDST,NOT_AVAILABLE,1
MNAUTOMDST,AUTO,2
MNAUTOMDST,RESERVED,3
MDST,DISABLE,0
MDST,NOT_AVAILABLE,1
MDST,ENAEBLE,2
MDST,RESERVED,3
OUTTAKEINTAKEMDST,OUTTAKE_MODE,0
OUTTAKEINTAKEMDST,NOT_AVAILABLE,1
OUTTAKEINTAKEMDST,INTAKE_MODE,2
OUTTAKEINTAKEMDST,RESERVED,3
VHCSTSYBACOFFIND,OFF,0
VHCSTSYBACOFFIND,ON_NO_BLINKING,1
VHCSTSYBACOFFIND,BLINK_NORMAL_BLINK,2
VHCSTSYBACOFFIND,BLINK_SLOW_BLINK,3
OUTREQ,OFF,0
OUTREQ,ON,1
OUTREQ,ERROR,2
OUTREQ,NOT_AVAILABLE,3
OUTFDBKCUR,ERROR,254
OUTFDBKCUR,NOT_AVAILABLE,255
ERRORFLAG,NONE,0
ERRORFLAG,ERROR,255
NOROPENSHORT,NORMAL,0
NOROPENSHORT,OPEN,1
NOROPENSHORT,SHORT,2
RESOLUTIONMD,STANDARD_RESOLUTION,0
RESOLUTIONMD,HIGH_RESOLUTION,1
RESOLUTIONMD,RESERVED,2
RESOLUTIONMD,DONT_CARE,3
VVST,BLOCK,0
VVST,EXTEND,1
VVST,RETRACT,2
VVST,FLOAT,3
VVST,NOT_AVAILABLE,15
FAILSAFEMD,BLOCK,0
FAILSAFEMD,EXTEND,1
FAILSAFEMD,RESERVED,2
FAILSAFEMD,DONT_CARE,3
AVMLANGUAGEPACK,NOTUSED,0
AVMLANGUAGEPACK,KOREAN_DEFAULT,1
AVMLANGUAGEPACK,ENGLISH,2
AVMLANGUAGEPACK,CHINESE_PRC,3
AVMLANGUAGEPACK,FRENCH_FRANCE,4
AVMLANGUAGEPACK,GERMAN_GERMANY,5
AVMLANGUAGEPACK,DUTCH_NETHERLANDS,6
AVMLANGUAGEPACK,ITALIAN_ITALY,7
AVMLANGUAGEPACK,PORTUGUESE_PORTUGAL,8
AVMLANGUAGEPACK,SPANISH_INTERNATIONAL,9
AVMLANGUAGEPACK,FINNISH,10
AVMLANGUAGEPACK,SWEDISH,11
AVMLANGUAGEPACK,NORWEGIAN_BOKMAL,12
AVMLANGUAGEPACK,DANISH,13
AVMLANGUAGEPACK,JAPANESE,14
AVMLANGUAGEPACK,TURKISH,15
AVMLANGUAGEPACK,INDONESIAN,16
AVMLANGUAGEPACK,POLISH,17
AVMLANGUAGEPACK,RUSSIAN,18
AVMLANGUAGEPACK,ARABIC_SAUDI_ARABIA,19
AVMLANGUAGEPACK,FARSI_PERSIAN,20
AVMLANGUAGEPACK,HINDI,21
AVMLANGUAGEPACK,THAI,22
AVMLANGUAGEPACK,GREEK,23
AVMLANGUAGEPACK,VIETNAMESE,24
AVMVW,TOPVIEW,0
AVMVW,REAR_WIDE,1
AVMVW,TOP_PLUS_RIGHT,2
AVMVW,REAR_PLUS_CORNER,3
AVMVW,3D,4
AVMVW,BOOM_OPTION,5
AVMVW,NOT_AVAILABLE,15
AVMOUTTYPE,NOT_USED,0
AVMOUTTYPE,AVM_OUTPUT_TYPE_NTSC,1
AVMOUTTYPE,AVM_OUTPUT_TYPE_LVDS,2
AVMOUTTYPE,ERROR,6
AVMOUTTYPE,INVALID,7
AVMDISPLAYMSG,NOT_USED,0
AVMDISPLAYMSG,NO_MESSAGE,1
AVMDISPLAYMSG,INCAMERACALIBARION_MODE,2
AVMDISPLAYMSG,WARNING_CHECK_FRONT_RIGHT_LEFT,62
AVMDISPLAYMSG,WARNING_CHECK_BACK_RIGHT_LEFT,63
AVMDISPLAYMSG,ERROR,254
AVMDISPLAYMSG,INVALID,255
AVMTONSIZE,NOT_USED,0
AVMTONSIZE,5T_CRAWLER,1
AVMTONSIZE,5T_WHEEL,2
AVMTONSIZE,14T_WHEEL,3
AVMTONSIZE,21T_WHEEL,4
AVMTONSIZE,30T_CRAWLER,5
AVMTONSIZE,ERROR,14
AVMTONSIZE,INVALID,15
AVMULTRABZ,ULTRASONIC_ALL_OFF,0
AVMULTRABZ,LEFT_ACTIVATION,1
AVMULTRABZ,RIGHR_ACTIVATION,2
AVMULTRABZ,REAR_ACTIVATION,3
AVMULTRABZ,LEFT_REAR_ACTIVATION,4
AVMULTRABZ,LEFT_RIGHT_ACTIVATION,5
AVMULTRABZ,RIGHT_REAR_ACTIVATION,6
AVMULTRABZ,LEFT_RIGHT_REAR_ACTIVATION,7
AVMULTRABZ,ERROR,14
AVMULTRABZ,INVALID,15
AVMST,NOT_USED,0
AVMST,AVM_NOT_READY_IGN_OFF,1
AVMST,AVM_NORMAL_IGN_ON,2
AVMST,AVM_FAIL,3
AVMST,ERROR,30
AVMST,INVALID,31
AVMWARNGUD,NOT_USED,0
AVMWARNGUD,AVM_WARNING_GUIDE_LINE_OFF,1
AVMWARNGUD,AVM_WARNING_GUIDE_LINE_ON,2
AVMWARNGUD,ERROR,6
AVMWARNGUD,INVALID,7
ULTSSIG,OFF,0
ULTSSIG,LEVEL_1,1
ULTSSIG,LEVEL_2,2
ULTSSIG,LEVEL_3,3
ULTSSIG,FAULT,4
ULTSSIG,NOISE_ERROR,5
ULTSSIG,ERROR,14
ULTSSIG,INVALID,15
WORKING,NOT_WORKING,0
WORKING,WORKING,1
HTPADST,OFF,0
HTPADST,ON_BOARD_CHARGER,1
CHGST,STANDBY,0
CHGST,CHARGING,1
CHGST,FAILURE,2
CHGST,COMPLETE,3
CHGST,PAUSE,4
CHGST,RESERVED,5
CHGST,CHARGER_ERROR,6
CHGST,NOT_AVAILABLE,7
BMSCHGSOURCETYPE,NONE,0
BMSCHGSOURCETYPE,ON_BOARD_CHARGER,1
BMSCHGSOURCETYPE,QUICK_CHARGER,2
BMSCHGSOURCETYPE,NOT_AVAILABLE,3
SCRTYCMD,NORMAL,0
SCRTYCMD,RPM_LIMIT,1
SCRTYCMD,ENGINE_LOCK,2
SCRTYCMD,NOT_AVAILABLE,3
GPSANTST,NORMAL,0
GPSANTST,REMOVED,1
GPSANTST,SHORTEN,2
GPSANTST,NOT_AVAILABLE,3
KEYTYPE,NONE,0
KEYTYPE,FOB,1
KEYTYPE,DIGITAL_KEY,2
KEYTYPE,KEYLESS,3
KEYTYPE,REMOTE,4
TYPE,2G,0
TYPE,3G,1
TYPE,4G,2
TYPE,5G,3
TYPE,NOT_AVAILABLE,7
OFFWARN,OFF,0
OFFWARN,WARNING_LEVEL1,1
OFFWARN,WARNING_LEVEL2,2
FOBCERT,NONE,0
FOBCERT,SUCCESS,1
FOBCERT,FAIL,2
FOBCERT,LOCK,3
FOBDTTREQ,DEFAULT,0
FOBDTTREQ,NOT_AVAILABLE,1
FOBDTTREQ,NOT_AVAILABLE1,2
FOBDTTREQ,REQUEST,3
FOBIDREQ,NOT_REQUEST,0
FOBIDREQ,REQ_TO_SEND_REGISTERED_FOB_ID,1
FOBIDREQ,NOT_REQUEST1,2
FOBIDREQ,NOT_REQUEST2,3
DOORLCKSTCHANGE,NONE,0
DOORLCKSTCHANGE,CLOSE,1
DOORLCKSTCHANGE,OPEN,2
DOORLCKSTCHANGE,NOT_AVAILABLE,3
NONEONOFFFAIL,NONE,0
NONEONOFFFAIL,HVAC_ON,1
NONEONOFFFAIL,HVAC_OFF,2
NONEONOFFFAIL,FAIL,3
ONOFFFAIL,NONE,0
ONOFFFAIL,ON,1
ONOFFFAIL,OFF,2
ONOFFFAIL,FAIL,3
RLSFAIL,NONE,0
RLSFAIL,RELEASE,1
RLSFAIL,RELEASE_OFF,2
RLSFAIL,FAIL,3
HORN5S,NO_ACTION,0
HORN5S,HORN_ON,1
HORN5S,NO_ACTION1,2
HORN5S,FAIL,3
EGSTARTHOLDINGTM,5MIN_DEFAULT,0
EGSTARTHOLDINGTM,10MIN,1
EGSTARTHOLDINGTM,15MIN,2
EGSTARTHOLDINGTM,20MIN,3
EGSTARTHOLDINGTM,25MIN,4
EGSTARTHOLDINGTM,30MIN,5
EGSTARTHOLDINGTM,NOT_AVAILABLE,6
EGSTARTHOLDINGTM,NONE,7
RMRUNST,NORMAL_STATUS,0
RMRUNST,REMOTE_START,1
ACKNACK,NOT_ACTIVE,0
ACKNACK,ACK,1
ACKNACK,NACK,2
RESULTOFCRANK,NONE_TRY,0
RESULTOFCRANK,SUCCESS,1
RESULTOFCRANK,OPEN_MTDOOR,2
RESULTOFCRANK,OPEN_CABDOOR,3
RESULTOFCRANK,NO_PARK,4
RESULTOFCRANK,NO_NEUTRAL,5
RESULTOFCRANK,NO_CUTOFF,6
RESULTOFCRANK,UNKNOWN_FAIL,7
POSNEGA,POSITIVE,0
POSNEGA,NEGATIVE,1
INVLT,ERROR,14
INVLT,NOT_AVAILABLE,15
BZZCTRLCMD,BUZZER_OFF,0
BZZCTRLCMD,BUZZER_ON_STATE1,1
BZZCTRLCMD,BUZZER_ON_STATE2,2
BZZCTRLCMD,BUZZER_ON_STATE3,3
VHCSTTRACTIONLV,A_3,0
VHCSTTRACTIONLV,B_2,1
VHCSTTRACTIONLV,C_1,2
VHCSTTRACTIONLV,NOT_DEFINED,3
QCKCOOLST,BEFORE_PROCEEDING,0
QCKCOOLST,PROCEEDING,1
QCKCOOLST,NOT_POSSIBLE_TO_PROCEED,2
WGHCONFIRMWARNMSG,OFF,0
WGHCONFIRMWARNMSG,SWING_SPEED_TOO_FAST,1
WGHCONFIRMWARNMSG,BOOM_TOO_HIGH,2
WGHCONFIRMWARNMSG,BOOM_TOO_LOW,3
WGHCONFIRMWARNMSG,ARM_TOO_NEAR,4
WGHCONFIRMWARNMSG,ARM_TOO_FAR,5
WGHCONFIRMWARNMSG,POOR_LIFT,6
WHLTYPESTRMD,OFF,0
WHLTYPESTRMD,2WHEEL_MODE,1
WHLTYPESTRMD,4WHEEL_MODE_ROUND,2
WHLTYPESTRMD,4WHEEL_MODE_CRAB,3
CURMAXSPDMINOR,STEP_0,0
CURMAXSPDMINOR,STEP_1,1
FNRNTRL,OFF,0
FNRNTRL,COMBI_SWITCH_NOT_NEUTRAL,1
FNRNTRL,JOYSTICK_NOT_NEUTRAL,2
FNRNTRL,BOTH_NOT_NEUTRAL,3
WRKTRV,OFF,0
WRKTRV,GREY,1
WRKTRV,GREEN,2
WRKTRV,NOT_DEFINED,3
OFFONGY,OFF,0
OFFONGY,ON,1
OFFONGY,CONDITION_GREEN,2
OFFONGY,CONDITION_YELLOW,3
TRLHHFLOWMD,STANDARD_BLUE,0
TRLHHFLOWMD,XPS_ORANGE,1
TRLHHFLOWMD,XHP_XE_RED,2
STATE7,OFF,0
STATE7,STATE_1,1
STATE7,STATE_2,2
STATE7,STATE_3,3
STATE7,STATE_4,4
STATE7,STATE_5,5
STATE7,STATE_6,6
STATE7,STATE_7,7
STATE3,OFF,0
STATE3,STATE_1,1
STATE3,STATE_2,2
STATE3,STATE_3,3
HPAPMD,OFF,0
HPAPMD,HP,1
HPAPMD,AP,2
HPAPMD,NOT_AVAILABLE,3
RMCRAKINGST,NONE,0
RMCRAKINGST,SUCCESS,1
RMCRAKINGST,FAIL_BY_PARKING_SWITCH,2
RMCRAKINGST,FAIL_BY_NEUTRAL_SWITCH,3
RMCRAKINGST,FAIL_BY_PILOT_CUT_OFF_SWITCH,4
RMCRAKINGST,FAIL_BY_ANOTHER_REASON,5
TRVL,NOT_TRAVELING,0
TRVL,TRAVELING,1
TRVL,RESERVED,2
TRVL,NOT_AVAILABLE,3
WARNPOPMGMCSSERR,NONE,0
WARNPOPMGMCSSERR,SS_ERROR_BODY_BOOM_ARM_BCK_SWG,1
WARNPOPMGMCSSERR,SENSOR_ERROR_TILT,2
WARNPOPMGMCSSERR,SENSOR_ERROR_PILOT_CUTOFF,3
WARNPOPMGMCSSERR,MACHINE_ERROR,4
WARNPOPMGMCSSERR,XCU_COMMUNICATION_ERROR,5
WARNPOPMGMCSSERR,TILT_ROTATOR_ERROR,6
WARNPOPLIMITANGEXCESS,NONE,0
WARNPOPLIMITANGEXCESS,TILTING_IS_NOT_POSSIBLE,1
NONECHECK,NONE,0
NONECHECK,CHECK,1
OPTSETMCHNAMEINIT,INITIAL_STAGE,0
OPTSETMCHNAMEINIT,SET,1
MCHGENR,DL,128
MCHGENR,H,129
MCHGENR,K,130
MCHGENR,S,131
MCHGENR,SD,132
MCHGENR,G,133
MAXGRLMT,3RD_GEAR_LIMIT_4TH_TRANSMISSION,0
MAXGRLMT,3RD_GEAR_LIMIT_5TH_TRANSMISSION,1
MAXGRLMT,4TH_GEAR,2
MAXGRLMT,5TH_GEAR_LOCK_UP,3
MAXGRLMT,CVT,4
REQCD,COMPARE_VHC_TYPE_ID,0
REQCD,REPROGRAMMED_VHC_TYPE_ID,10
REQCD,BLOCK_HANDLER,3
REQCD,LOG_LOADER,4
RESULTCD,VHC_TYPE_ID_IDENTICAL,0
RESULTCD,VHC_TYPE_ID_DIFFERENT,1
RESULTCD,REQUEST_ID_REPROGRAMMED,10
RESULTCD,REQUEST_ID_NOT_AVAILABLE,11
RESULTCD,TCI_ID_MESSAGE_REQUIRED,20
ECOGUDCTRL,RECOM_USE_OF_THE_LIS_FEATURE,1
ECOGUDCTRL,RECOM_USE_1_4_AUTO,2
ECOGUDCTRL,PREVENTION_OF_IDLE_STATE,4
ECOGUDCTRL,RECOM_USE_OF_LOCK_UP,8
ECOGUDCTRL,RECOM_LOWERING_THE_ENGINE_MODE,16
ECOGUDCTRL,RECOM_USE_OF_THE_ICCO_FEATURE,32
AUTOST,INITIALIZED,0
AUTOST,DISARMED,1
AUTOST,ARM_REQUESTED,2
AUTOST,DEACTIVATION,3
AUTOST,ACTIVATION,4
INTERLCKST,NO_LOCKOUT,0
INTERLCKST,TIMEOUT,1
INTERLCKST,MACHINE_SAFETY,2
FUNCFAULT,NO_FAULT,0
FUNCFAULT,COMMUNICATION_TIMEOUT,1
FUNCFAULT,RESERVED,2
FUNCFAULT,MACHINE_FAULT,4
LOCK,NORMAL,0
LOCK,RPM_LIMIT,1
LOCK,ENGINE_LOCK,2
LOCK,NOT_AVAILABLE,3
NORRMV,NORMAL,0
NORRMV,REMOVAL,1
NORRMV,SHORTED,2
OUTTAKEINTAKEMDSEL,OUTTAKE_MODE,0
OUTTAKEINTAKEMDSEL,INTAKE_MODE,1
OUTTAKEINTAKEMDSEL,NOT_AVAILABLE,2
OUTTAKEINTAKEMDSEL,RESERVED,3
OFFER,OFF,0
OFFER,ERROR,255
OFFONACTIVE,OFF,0
OFFONACTIVE,ON,1
OFFONACTIVE,ACTIVE,2
OFFONACTIVE,RESERVED,3
READY,NOT_READY,0
READY,READY,1
ARMREACHIND,NEAR,0
ARMREACHIND,MID,1
ARMREACHIND,FAR,2
ARMREACHIND,RESERVED,3
REACH,NOT_REACH,0
REACH,REACH,1
DISARMNOR,DISARMED,0
DISARMNOR,NORMAL,1
DISARMNOR,SERVICE,2
DISARMNOR,NOT_DEFINED,3
INTERLOCKREQ,NO_LOCKOUT_PRESENT_AUTO_ALLOWED,0
INTERLOCKREQ,TIME_OUT,1
INTERLOCKREQ,MACHINE_SAFETY,2
ACCEPT,NOT_ACCEPTED,0
ACCEPT,ACCEPTED,1
SELMDHEARTBEAT,INITIALIZED,0
SELMDHEARTBEAT,DISARMED,1
SELMDHEARTBEAT,ARM_REQUESTED,2
SELMDHEARTBEAT,DEACTIVATION,3
SELMDHEARTBEAT,ACTIVATED,4
AMBLMPCOLORMD,USER_SETTING_COLOR,0
AMBLMPCOLORMD,POWER_MODE_COLOR,1
PWRMDSEL,POWERPLUS,0
PWRMDSEL,POWER,1
PWRMDSEL,STANDARD,2
PWRMDSEL,ECO,3
WRKMDSEL,DIG,0
WRKMDSEL,LIFT,1
WRKMDSEL,1WAY,2
WRKMDSEL,2WAY,3
DIALSTEP,STEP_1,0
DIALSTEP,STEP_2,1
DIALSTEP,STEP_3,2
DIALSTEP,STEP_4,3
DIALSTEP,STEP_5,4
DIALSTEP,STEP_6,5
DIALSTEP,STEP_7,6
DIALSTEP,STEP_8,7
DIALSTEP,STEP_9,8
DIALSTEP,STEP_10,9
DIALSTEP,STEP_11,10
DIALSTEP,STEP_12,11
DIALSTEP,STEP_13,12
OBJINZONE,NO_OBJECT_IN_ZONE,0
OBJINZONE,LEVEL_C,1
OBJINZONE,LEVEL_B,2
OBJINZONE,LEVEL_A,3
OBJINZONE,NOT_AVAILABLE,7
CONNECTED,NONE,0
CONNECTED,NETWORK_CONNECTED,1
CONNECTED,CLOUD_CONNECTED,2
CONNECTED,NOT_AVAILABLE,3
PROVISIONED,NONE,0
PROVISIONED,NETWORK_PROVISIONED,1
PROVISIONED,THING_PROVISIONED,2
ACTIVENW,NONE,0
ACTIVENW,CELL,1
ACTIVENW,WIFI,2
ACTIVENW,ERROR,3
CELLTYPE,2G,0
CELLTYPE,3G,1
CELLTYPE,4G,2
CELLTYPE,5G,3
CELLTYPE,NOT_AVAILABLE,7
CELLANTTYPE,NONE,0
CELLANTTYPE,INTERNAL,1
CELLANTTYPE,EXTERNAL,2
CELLANTTYPE,NOT_AVAILABLE,3
GSMTYPE,GPRS,0
GSMTYPE,EDGE,1
GSMTYPE,UMTS,3
GSMTYPE,HSDPA,4
GSMTYPE,HSUPA,5
GSMTYPE,HSDPA_HSUPA,6
GSMTYPE,1XRTT,7
GSMTYPE,1XEVDO,8
GSMTYPE,1XEVDO_REVA,9
GSMTYPE,1XEVDO_REVB,10
GSMTYPE,1XEVDV,11
GSMTYPE,3XRTT,12
GSMTYPE,UMB,13
GSMTYPE,LTE,14
GSMTYPE,5G_NSA,15
GSMTYPE,5G_SA,16
ANTST,NORMAL,0
ANTST,ERROR1,1
ANTST,ERROR2,2
ANTST,NOT_AVAILABLE,3
NONEACTIVE,NONE,0
NONEACTIVE,ACTIVE,1
NONEACTIVE,INACTIVE,2
VHCST,BATTERY_DISCONNECT,0
VHCST,KEY_OFF,1
VHCST,KEY_ON,2
VHCST,ACC_ON,3
VHCST,ENGINE_ON,4
VHCST,ERROR,5
STARTUPRSN,RTC,0
STARTUPRSN,KEY,1
STARTUPRSN,EMERGENCY,2
STARTUPRSN,LOW_BATTERY,3
STARTUPRSN,CELL,4
STARTUPRSN,ACCELEROMETER,5
STARTUPRSN,REBOOT_REQUEST,6
TMNST,INIT,0
TMNST,RUNNING,1
TMNST,SLEEP_MACHINE_BATTERY,2
TMNST,SLEEP_TERMINAL_BATTERY,3
TMNST,DEEP_SLEEP,4
TMNST,DEAD_TBAT,5
TMNST,SHUT_DOWN,6
TMNST,MODULE_EXIT,7
TMNST,POWER_OFF,8
TMNST,TESTING,9
TMNST,RESTART,10
TMNST,EXIT,11
VHCVLT,24V,0
VHCVLT,12V,1
TASKST,OK,0
TASKST,OFFLINE,1
TASKST,PACKET_LOSS_FAIL,2
TASKST,GENERAL_FAILURE,3
ERCODE,NONE,0
ERCODE,SENSOR_VALUE_OUT_OF_RANGE,1
ERCODE,UNABLE_TO_PARSE_MESSAGE,2
CMDOPCODE,TRANSFER_FILE,16
CMDOPCODE,OPEN_CAN_TUNNEL,17
CMDOPCODE,REBOOT,18
CMDOPCODE,KWP_REQUEST,19
CMDOPCODE,J1939_REQUEST,20
CMDOPCODE,SECURITY_ACTION,21
CMDOPCODE,REMOTE_GAUGE_ON,22
CMDOPCODE,REQUEST_FILE,23
CMDOPCODE,ADD_GEOFENCE,24
CMDOPCODE,ADD_TIMEFENCE,25
CMDOPCODE,SECURITY_CONFIGURATION,26
CMDOPCODE,DELETE_GEOFENCE,27
CMDOPCODE,DELETE_TIMEFENCE,28
CMDOPCODE,REQUEST_REPORT,29
CMDOPCODE,TURN_ON_REMOTE_TRACKING,30
CMDOPCODE,SET_TIMEZONE,31
CMDOPCODE,TURN_OFF_REMOTE_GAUGE,32
CMDOPCODE,TURN_OFF_REMOTE_TRACKING,33
CMDOPCODE,SET_DEFAULT_VEHICLE_TYPE,35
CMDOPCODE,TEST_PORT_COMMAND,36
CMDOPCODE,TEST_PORT_COMMAND_QUICK_RES,37
CMDOPCODE,BULK_FIRMWARE_DOWNLOAD,38
CMDOPCODE,BULK_CONFIGURATION_DOWNLOAD,39
CMDOPCODE,SBDRANGERESPONSE,40
CMDOPCODE,TESTPORTCOMMANDV4,41
CMDOPCODE,ABORTCOMMAND,42
CMDOPCODE,REQUEST_FILE_VERSION_2,43
CMDOPCODE,SET_TIMEZONE_V2,47
CMDOPCODE,REQUEST_CURRENT_ADT_LOG,160
CMDOPCODE,SECURITY_VERIFICATION_COMMAND,161
CMDOPCODE,J1939_REQUEST_V2,163
CMDOPCODE,SMARTKEY_COMMAND,164
CMDOPCODE,SET_DEFAULT_VEHICLE_TYPE_V2,165
CMDOPCODE,TRANSFER_NETWORK_CONFIGURATION,176
CMDOPCODE,REQUEST_FILE_V3,177
ACKRESULT,SUCCESS,0
ACKRESULT,UNKNOWN_FAILURE,1
ACKRESULT,UNKNOWN_COMMAND,2
ACKRESULT,ENGINE_OFF,3
ACKRESULT,ALREADY_OPEN,4
ACKRESULT,TERMINATED_BY_USER,5
ACKRESULT,FAILED_TO_DOWNLOAD_FILE,6
ACKRESULT,FAILED_TO_UPLOAD_FILE,7
ACKRESULT,PROCESS_INTERRUPTED_BY_A_REBOOT,8
ACKRESULT,MCP_REQUESTED_EXITED,9
ACKRESULT,FAILED_TO_OPEN_FILE,10
ACKRESULT,FAILED_TO_DELETE_FILE,11
ACKRESULT,FAILED_TO_WRITE_FILE,12
ACKRESULT,FAILED_BAD_PARAMETER,13
ACKRESULT,FAILED_ALREADY_ACTIVE,14
ACKRESULT,FAILED_ALREADY_STOPPED,15
ACKRESULT,FAILED_SERVICE_NOT_AVAILABLE,16
ACKRESULT,FAILED_MISSING_DEFINITION,17
ACKRESULT,FAILED_NOT_SUPPORTED,18
ACKRESULT,FAILED_AUTHENTICATION,19
ACKRESULT,FAILED_TO_SEND_PACKET,20
ACKRESULT,FAILED_FILE_NOT_FOUND,21
ACKRESULT,INSUFFICIENT_DISK_SPACE,22
ACKRESULT,FAILED_CURL_TIMEOUT,23
ACKRESULT,FAILED_DOWNLOAD_SIZE_MISMATCH,24
ACKRESULT,FAILED_DOWNLOAD_TIMEOUT,25
ACKRESULT,FAILED_TO_UNZIP,26
ACKRESULT,FAILED_RESULTS_FILE_MISSING,27
ACKRESULT,FAILED_DOWNLOAD_RECOVERY,28
ACKRESULT,MULTIPART_DOWNLOAD_START,29
ACKRESULT,MULTIPART_DOWNLOAD_OK,30
ACKRESULT,MULTIPART_DOWNLOAD_FAIL,31
ACKRESULT,MULTIPART_DOWN_STARTUP_FAILURE,32
ACKRESULT,MULTIPART_DOWNLOAD_ABORTED,33
ACKRESULT,FAILED_CURL_RECV_FAILURE,34
ACKRESULT,BULK_DOWNLOAD_IN_PROCESS,35
ACKRESULT,FAILED_BULK_DOWNLOAD,36
ACKRESULT,ABORT_BULK_DOWNLOAD,37
ACKRESULT,NUM_REQUEST_TYPES,38
SYS_OFFON,OFF,0
SYS_OFFON,ON,1
ANTST2,NORMAL,0
ANTST2,ERROR1,1
ANTST2,ERROR2,2
ANTST2,ERROR3,3
RMCTRLREQ,DISARMED ,0
RMCTRLREQ,NORMAL,1
RMCTRLREQ,SERVICE ,2
RMCTRLREQ,NOT DEFINED,3
RMITLREQ,NO_LOCKOUT_PRESENT_AUTO_ALLOWED,0
RMITLREQ,TIME OUT,1
RMITLREQ,MACHINE SAFETY,2
RMITLREQ,NOT DEFINED,3
PWRPLUS,POWER+,0
PWRPLUS,POWER,1
PWRPLUS,STANDARD,2
PWRPLUS,ECO,3
MCHMAKER,HDI,0
MCHMAKER,HCE,1
GNSSST,NORMAL,0
GNSSST,NOT_FIXED,1
GNSSST,RELEASE_ON_GA,2
GNSSST,ERROR_EXCEEDED,3
GNSSST,GNSS_COMMUNICATION_ERROR,4
SWGST,STOP,0
SWGST,SWING,1
SWGST,ERROR,2
SWGST,NOT_AVAILABLE,3
MNSELFLV,OFF,0
MNSELFLV,MANUAL,1
MNSELFLV,SELF_LEVELING,2
STATE2,OFF,0
STATE2,STATE1,1
STATE2,STATE2,2
STARTERFAIL,OFF,0
STARTERFAIL,STARTER1_FAIL,1
STARTERFAIL,STARTER2_FAIL,2
REFRESH,OFF,0
REFRESH,REFRESH,1
LMPCOLORMD,USER_SETTING_COLOR,0
LMPCOLORMD,POWER_MODE_COLOR,1
RMST,MANUAL_MODE,0
RMST,REMOTE_MODE,1
RMST,NOT_DEFINED,2
RMMETHODST,REMOTE_CONTROL_STATION,0
RMMETHODST,REMOTE_CONTROL_APP,1
RMMETHODST,REMOTE_CONTROL_CONSOLE,2
RMMETHODST,ERROR,3
OBJSEQ,OBJECT1,0
OBJSEQ,OBJECT2,1
OBJSEQ,OBJECT3,2
OBJSEQ,OBJECT4,3
OBJSEQ,OBJECT5,4
OBJSEQ,OBJECT6,5
OBJSEQ,OBJECT7,6
OBJSEQ,OBJECT8,7
OBJSEQ,OBJECT9,8
OBJSEQ,OBJECT10,9
OTAIM,DOWNLOAD,0
OTAIM,DOWNLOAD_COMPLETE,1
OTAIM,DOWNLOAD_FAILURE,2
OTAIM,INSTALL,3
OTAIM,CONTROLLER_REBOOTING,4
OTAIM,MACHINE_REBOOTING,5
OTAIM,INSTALL_COMPLETE,6
OTAIM,INSTALL_FAILURE_RETRIAL,7
OTAIM,OTA_FAILURE,8
ECUMAKER2,ECU_MAKER_1,0
ECUMAKER2,WEICHAI_6M33,1
ECUMAKER2,BOSCH_DX22,2
DRVENGAGED,DRIVE_LINE_DISENGAGED,0
DRVENGAGED,DRIVE_LINE_ENGAGED,1
DRVENGAGED,ERROR,2
DRVENGAGED,NOT AVAILABLE,3
TRQCVT,TRQ_CVT_LOCKUP_DISENGAGED,0
TRQCVT,TRQ_CVT_LOCKUP_ENGAGED,1
PROCESS,NOT_IN_PROCESS,0
PROCESS,PROCESS,1
CONFIGMODE,OFF,0
CONFIGMODE,ON_ANOMALY,1
CONFIGMODE,ON_PERIODIC,2
OILSTATUS,NORMAL,0
OILSTATUS,WARNING,1
OILSTATUS,ABNORMAL,2
OILSTATUS,NOT_AVAILABLE,3
RGST,NORMAL,0
RGST,WARNING,2
VALID,RTC,0
VALID,GPS,1
VALID,CELL,2
VALID,False,3
SATTYPE,NONE,0
SATTYPE,IRIDIUM,1
NORERR,NORMAL,0
NORERR,ERROR,1
EVNT,ENGINE_ON,0
EVNT,HALF_HOUR,1
EVNT,ENGINE_OFF,2
EVNT,GET_REPORT,3
EVNT,STATUS_CHANGE,4
JOYPTN,ISO,0
JOYPTN,BHL,1
JOYPTN,MHI,2
JOYPTN,KOBE,3
JOYPTN,SCM,4
JOYPTN,CTL ISO,5
JOYPTN,CTL H,6
STICKSTRTYPE,JOYSTICK_LEVER,0
STICKSTRTYPE,THUMBWHEEL_STEERING,1
FNR,F,0
FNR,N,1
FNR,R,2
LOGEVNT,LOG_DELETED,0
LOGEVNT,LOG_STARTED,1
LOGEVNT,LOG_IN_PROGRESS,2
LOGEVNT,LOG_GENERATED,3
LOGEVNT,REQUESTED,4
CONFIGEVNT,REQUESTED,0
CONFIGEVNT,MODIFIED,1
CONFIGEVNT,DELETED,2
JOYOPTPDL,NOT_AVAILABLE,0
JOYOPTPDL,JOYSTICK,1
JOYOPTPDL,OPTION_PEDAL,2
JOYOPTPDL,JOYSTICK_OPTION_PEDAL,3
TRVLSWG,TRAVEL_SWING,0
TRVLSWG,TRAVEL,1
TRVLSWG,SWING,2
OPTRTTTYPE,NOT_AVAILABLE,0
OPTRTTTYPE,ENCON,1
OPTRTTTYPE,STEELWRIST,3
OPTRTTTYPE,ROTOTILT,4
NORRVS,NORMAL,0
NORRVS,REVERSE,1
WIPER,PARALLEL_WIPER,0
WIPER,BASIC_WIPER,1
WIPER,BASIC_WIPER_LOW_WIPER,2
MGMC,NONE,0
MGMC,2D_MACHINE_GUIDANCE,1
MGMC,3D_MACHINE_GUIDANCE,2
MGMC,2D_MACHINE_GUIDANCE_SMART_CTRL,3
MGMC,3D_MACHINE_GUIDANCE_SMART_CTRL,4
FANTYPE,HYDRAULIC_FAN,0
FANTYPE,FAN_CLUTCH,1
FANTYPE,DIRECT_FAN,2
JOYFUNCBTN,NOT_USED,0
JOYFUNCBTN,ONE_TOUCH_DECELERATION,1
JOYFUNCBTN,BREAKER_OR_POWER_UP,2
JOYFUNCBTN,TEMP_RESET_OF_INTEL_FLOAT_BOOM,3
JOYFUNCBTN,WIPER,4
JOYFUNCBTN,AUDIO_MUTE,5
JOYFUNCBTN,WEIGHT_MEASUREMENT_ON_OFF,11
JOYFUNCBTN,RE_MEASURE,12
JOYFUNCBTN,CANCEL_BUCKET,13
JOYFUNCBTN,LOAD_BUCKET,14
JOYFUNCBTN,SAVE_TRUCK,15
JOYFUNCBTN,RESET_TRUCK,16
JOYFUNCBTN,SMART_BREAKER_ON_OFF,41
JOYFUNCBTN,JOYSTICK_DRIVING_ON_OFF,43
AUTOBRKSS,VERY_HIGH,125
AUTOBRKSS,HIGH,126
AUTOBRKSS,SLIGHTLY_HIGH,127
AUTOBRKSS,MEDIUM,128
AUTOBRKSS,SLIGHTLY_LOW,129
AUTOBRKSS,LOW,130
AUTOBRKSS,VERY_LOW,131
RTTSPDRATIO,STRONGLY_PREFER_BOOM,4
RTTSPDRATIO,PREFER_BOOM,5
RTTSPDRATIO,SLIGHLTY_PREFER_BOOM,6
RTTSPDRATIO,EQUAL,7
RTTSPDRATIO,SLIGHTLY_PREFER_SWING,8
RTTSPDRATIO,PREFER_SWING,9
RTTSPDRATIO,STRONGLY_PREFER_SWING,10
JOYFUNCTHW,NOT_USED,0
JOYFUNCTHW,TR_TILT,1
JOYFUNCTHW,TR_ROTATE,2
JOYFUNCTHW,SHARE,10
JOYFUNCTHW,ROTATE,11
JOYFUNCTHW,DOZER,13
ALTEVNT,STATUS_CHANGE,0
ALTEVNT,GET_REPORT,1
ALTEVNT,FIRST_KEY_ON,2
ALTEVNT,FIRST_ENGINE_ON,3
EGOILGRD,SAE10W40,0
HYDOILGRD,VG32,0
HYDOILGRD,VG46,1
HYDOILGRD,VG68,2
EGDERATING,DERATING_CONTROL_OFF,0
EGDERATING,DERATING_CONTROL_ON,1
EGDERATING,ERROR,2
EGDERATING,NOT_AVAILABLE,3
TRACTIONCTRL,MAX,0
TRACTIONCTRL,CONTROL_MODE,1
TRACTIONCTRL,SLIP_MODE,2
TRACTIONLVSEL,A,0
TRACTIONLVSEL,B,1
TRACTIONLVSEL,C,2
RANGE,RANGE1,0
RANGE,RANGE2,1
RANGE,RANGE3,2
REQEGMD,ECO,0
REQEGMD,NORMAL,1
REQEGMD,POWER,2
NFR,N,0
NFR,F,1
NFR,R,2
JOYTYPESEL,ELECTRIC_TYPE,0
JOYTYPESEL,LOCKER_TYPE,1
MAXSPDLMT,UNLIMIT,0
MAXSPDLMT,LIMIT,1
AUTOSHIFT,AUTO_LOW_SPEED,0
AUTOSHIFT,AUTO_HIGH_SPEED,1
CHARGINGST,OFF,0
CHARGINGST,CHARGING,1
CHARGINGST,CHARGING_COMPLETE,2
CHARGINGST,FOD_STATUS,3
STATESYB,OFF,0
STATESYB,STATE1_WHITE,1
STATESYB,STATE2_GREEN,2
TMSHIFTMD,MANUAL,0
TMSHIFTMD,AUTO_LIGHT,1
TMSHIFTMD,AUTO_NORMAL,2
TMSHIFTMD,AUTO_HEAVY,3
TIPOFFASTST,OFF,0
TIPOFFASTST,DISABLE,1
TIPOFFASTST,WAIT,2
TIPOFFASTST,READY,3
TIPOFFASTST,IN_PROGRESS,4
TIPOFFASTST,COMPLETE,5
TIPOFFASTST,INTERUPT,6
TIPOFFMNST,OFF,0
TIPOFFMNST,DISABLE,1
TIPOFFMNST,READY,2
TIPOFFMNST,IN_PROGRESS,3
VHCCHGST,OFF,0
VHCCHGST,READY_FOR_CHARGING,1
VHCCHGST,CHARGING,2
VHCCHGST,CANNOT_CHARGE,3
CHGTYPE,OFF,0
CHGTYPE,SLOW_CHARGING,1
CHGTYPE,FAST_CHARGING,2
NORON,NORMAL_STATUS,0
NORON,ON,1
OBJID,OBJECT_10,0
OBJID,OBJECT_9,1
OBJID,OBJECT_8,2
OBJID,OBJECT_7,3
OBJID,OBJECT_6,4
OBJID,OBJECT_5,5
OBJID,OBJECT_4,6
OBJID,OBJECT_3,7
OBJID,OBJECT_2,8
OBJID,OBJECT_1,9
OBJID,OBJECT_0,10
OD,NO_OD_IN_ZONE_1,0
OD,LEVEL_A,1
OD,LEVEL_B,2
OD,LEVEL_C,3
OD,LEVEL_D,4
OVERTURNWARN,OFF,0
OVERTURNWARN,OVERTURN_WARNING_1,1
OVERTURNWARN,OVERTURN_WARNING_2,2
MC3DREADY,NOT_READY,0
MC3DREADY,READY,1
MC3DREADY,MC_3D_CALIBRATION,2
MC3DST,MANUAL,0
MC3DST,AUTO,1
MC3DST,AUTO_SUSPEND,2
OFFREADYON,OFF,0
OFFREADYON,READY,1
OFFREADYON,ON,2
PHMOPT,NONE,0
PHMOPT,BASIC,1
PHMOPT,PREMIUM,2
